<?xml version="1.0" encoding="UTF-8"?>
<project-private xmlns="http://www.netbeans.org/ns/project-private/1">
    <editor-bookmarks xmlns="http://www.netbeans.org/ns/editor-bookmarks/2" lastBookmarkId="0"/>
    <open-files xmlns="http://www.netbeans.org/ns/projectui-open-files/2">
        <group>
            <file>file:/D:/Kolej%20Degree%20Penerapan/SEM%204/Code%20CSC584%20ver2/GP_CSC584-main/CounselingSystem2/src/java/studentDAO/scheduleAppointment_DAO.java</file>
            <file>file:/D:/Kolej%20Degree%20Penerapan/SEM%204/Code%20CSC584%20ver2/GP_CSC584-main/CounselingSystem2/web/viewFeedback.jsp</file>
            <file>file:/D:/Kolej%20Degree%20Penerapan/SEM%204/Code%20CSC584%20ver2/GP_CSC584-main/CounselingSystem2/src/java/ViewAppointmentsServlet.java</file>
            <file>file:/D:/Kolej%20Degree%20Penerapan/SEM%204/Code%20CSC584%20ver2/GP_CSC584-main/CounselingSystem2/web/viewAppointmentsCounselor.jsp</file>
            <file>file:/D:/Kolej%20Degree%20Penerapan/SEM%204/Code%20CSC584%20ver2/GP_CSC584-main/CounselingSystem2/src/java/ViewFeedbackServlet.java</file>
            <file>file:/D:/Kolej%20Degree%20Penerapan/SEM%204/Code%20CSC584%20ver2/GP_CSC584-main/CounselingSystem2/web/scheduleAppointment.jsp</file>
            <file>file:/D:/Kolej%20Degree%20Penerapan/SEM%204/Code%20CSC584%20ver2/GP_CSC584-main/CounselingSystem2/web/studentList.jsp</file>
            <file>file:/D:/Kolej%20Degree%20Penerapan/SEM%204/Code%20CSC584%20ver2/GP_CSC584-main/CounselingSystem2/web/index.jsp</file>
            <file>file:/D:/Kolej%20Degree%20Penerapan/SEM%204/Code%20CSC584%20ver2/GP_CSC584-main/CounselingSystem2/web/dashboardCounselor.jsp</file>
            <file>file:/D:/Kolej%20Degree%20Penerapan/SEM%204/Code%20CSC584%20ver2/GP_CSC584-main/CounselingSystem2/src/java/counseling/bean/DashboardCounselorServlet.java</file>
            <file>file:/D:/Kolej%20Degree%20Penerapan/SEM%204/Code%20CSC584%20ver2/GP_CSC584-main/CounselingSystem2/web/profileCounselor.jsp</file>
            <file>file:/D:/Kolej%20Degree%20Penerapan/SEM%204/Code%20CSC584%20ver2/GP_CSC584-main/CounselingSystem2/src/java/ScheduleAppointmentServlet.java</file>
            <file>file:/D:/Kolej%20Degree%20Penerapan/SEM%204/Code%20CSC584%20ver2/GP_CSC584-main/CounselingSystem2/web/viewAppointments.jsp</file>
            <file>file:/D:/Kolej%20Degree%20Penerapan/SEM%204/Code%20CSC584%20ver2/GP_CSC584-main/CounselingSystem2/src/java/counselorDAO/ViewFeedback_DAO.java</file>
            <file>file:/D:/Kolej%20Degree%20Penerapan/SEM%204/Code%20CSC584%20ver2/GP_CSC584-main/CounselingSystem2/web/profileStudent.jsp</file>
        </group>
    </open-files>
</project-private>
