<?xml version="1.0" encoding="UTF-8"?>
<project-private xmlns="http://www.netbeans.org/ns/project-private/1">
    <editor-bookmarks xmlns="http://www.netbeans.org/ns/editor-bookmarks/2" lastBookmarkId="1">
        <file>
            <url>web/studentFeedback.jsp</url>
            <bookmark id="1">
                <name/>
                <line>147</line>
                <key/>
            </bookmark>
        </file>
    </editor-bookmarks>
    <open-files xmlns="http://www.netbeans.org/ns/projectui-open-files/2">
        <group>
            <file>file:/D:/Kolej%20Degree%20Penerapan/SEM%204/Code%20CSC584%20ver2/GP_CSC584-main%20ver%202/CounselingSystem2/src/java/counselorDAO/ProfileCounselor_DAO.java</file>
            <file>file:/D:/Kolej%20Degree%20Penerapan/SEM%204/Code%20CSC584%20ver2/GP_CSC584-main%20ver%202/CounselingSystem2/src/java/ViewFeedbackServlet.java</file>
            <file>file:/D:/Kolej%20Degree%20Penerapan/SEM%204/Code%20CSC584%20ver2/GP_CSC584-main%20ver%202/CounselingSystem2/src/java/ProfileCounselorServlet.java</file>
            <file>file:/D:/Kolej%20Degree%20Penerapan/SEM%204/Code%20CSC584%20ver2/GP_CSC584-main%20ver%202/CounselingSystem2/web/viewFeedback.jsp</file>
            <file>file:/D:/Kolej%20Degree%20Penerapan/SEM%204/Code%20CSC584%20ver2/GP_CSC584-main%20ver%202/CounselingSystem2/web/dashboardCounselor.jsp</file>
            <file>file:/D:/Kolej%20Degree%20Penerapan/SEM%204/Code%20CSC584%20ver2/GP_CSC584-main%20ver%202/CounselingSystem2/src/java/ProfileStudentServlet.java</file>
            <file>file:/D:/Kolej%20Degree%20Penerapan/SEM%204/Code%20CSC584%20ver2/GP_CSC584-main%20ver%202/CounselingSystem2/src/java/counselorDAO/ViewFeedback_DAO.java</file>
            <file>file:/D:/Kolej%20Degree%20Penerapan/SEM%204/Code%20CSC584%20ver2/GP_CSC584-main%20ver%202/CounselingSystem2/web/index.jsp</file>
            <file>file:/D:/Kolej%20Degree%20Penerapan/SEM%204/Code%20CSC584%20ver2/GP_CSC584-main%20ver%202/CounselingSystem2/web/profileCounselor.jsp</file>
            <file>file:/D:/Kolej%20Degree%20Penerapan/SEM%204/Code%20CSC584%20ver2/GP_CSC584-main%20ver%202/CounselingSystem2/src/java/counseling/bean/StudentBean.java</file>
            <file>file:/D:/Kolej%20Degree%20Penerapan/SEM%204/Code%20CSC584%20ver2/GP_CSC584-main%20ver%202/CounselingSystem2/web/profileStudent.jsp</file>
        </group>
    </open-files>
</project-private>
